ne_name,top_keys
CARDINAL,"[('電影新聞', [('20 億', 1), ('25', 1), ('50', 1), ('2077', 1), ('四分之三', 1), ('億美元', 1), ('4000 ', 1)]), ('影集新聞', [('20', 3), ('20 億', 1), ('25', 1), ('50', 1), ('一千一百萬', 1), ('3/29', 1), ('三十', 1), ('二十', 1), ('一半', 1), ('五位', 1), ('廿六', 1), ('10', 1), ('76 ', 1), ('160 億', 1), (' 萬', 1), ('百萬', 1), ('近百', 1)]), ('電影影評', [('千萬', 2), ('1976', 1), ('一通', 1), ('1 ', 1), ('三分之二', 1), ('一半', 1)]), ('電影專題', [('20', 5), ('二十億', 4), ('10', 2), ('三十六億', 2), ('3-10-10', 1), ('6-5', 1), ('-39-9', 1), ('十五', 1), ('二十', 1), ('三分之二', 1), ('十四多萬', 1), ('四十八', 1), ('一億日圓', 1), ('五億', 1), ('二十七億', 1), ('十億', 1), ('五十億', 1), ('五十九億', 1), ('十四億', 1), ('十幾', 1)]), ('全部', [('20', 8), ('二十億', 4), ('10', 3), ('20 億', 2), ('25', 2), ('50', 2), ('二十', 2), ('一半', 2), ('千萬', 2), ('三分之二', 2), ('三十六億', 2), ('2077', 1), ('四分之三', 1), ('億美元', 1), ('4000 ', 1), ('一千一百萬', 1), ('3/29', 1), ('三十', 1), ('五位', 1), ('廿六', 1)])]"
DATE,"[('電影新聞', [(' 年', 4), ('今年', 4), ('去年', 4), ('4 月', 2), ('一個月', 2), ('2077 年', 2), ('當年', 2), ('七〇年代', 2), ('昭和時代', 2), ('一年', 2), ('年度', 1), ('2020 年度', 1), ('半世紀', 1), ('兩年', 1), ('2018\xa0年', 1), ('週末', 1), ('2024', 1), ('\xa021\xa0日至\xa07\xa0月\xa06\xa0日', 1), ('5月 中旬', 1), (' 2006 年', 1)]), ('影集新聞', [(' 年', 4), ('今年', 4), ('去年', 3), ('一年', 3), ('4 月', 2), ('近日', 2), ('年度', 1), ('2020 年度', 1), (' 2006 年', 1), ('夏天', 1), ('12 年後', 1), ('三年', 1), ('12 年前', 1), ('第二季', 1), (' 2014 年', 1), ('2014、15 年', 1), ('九零年代', 1), (' 年代', 1), ('五〇年代', 1), ('五年後', 1)]), ('電影影評', [('十年', 3), ('八〇年代', 3), ('當年', 2), ('2016 年', 2), ('三年', 2), ('數十年', 2), ('下週', 2), ('15 ', 1), ('13 歲', 1), ('1 歲', 1), ('53 歲', 1), ('2008 年', 1), ('8 年', 1), ('過幾個月', 1), ('九〇年代', 1), ('二〇〇〇年代', 1), (' 4 月 1 日', 1), (' 1995 年', 1), (' 2006 年', 1), ('2015 年', 1)]), ('電影專題', [('今年', 6), (' 年', 4), ('2023 年', 3), ('一百天', 3), ('夏日', 2), ('冬日', 2), ('數十年', 2), ('七〇年代', 2), ('幾個月', 2), ('十六年', 2), ('三年', 2), ('二十個月', 2), ('一天', 2), ('2007 年', 2), ('2013 年', 2), ('今日', 2), ('三個月', 2), ('十年', 2), (' 80 年代', 2), ('當天', 2)]), ('全部', [('今年', 15), (' 年', 12), ('去年', 8), ('數十年', 5), ('一年', 5), ('三年', 5), ('十年', 5), ('4 月', 4), ('一個月', 4), ('2016 年', 4), ('當年', 4), ('七〇年代', 4), ('今日', 4), ('一天', 4), ('2023 年', 4), ('八〇年代', 4), (' 2006 年', 3), (' 2014 年', 3), ('今天', 3), (' 2021 年', 3)])]"
EVENT,"[('電影新聞', [('坎城影', 1), ('核戰', 1)]), ('影集新聞', [('生活大爆炸', 1)]), ('電影影評', [('第三次世界大戰', 1), ('大戰', 1)]), ('電影專題', [('真實事件', 1), ('南北戰爭', 1), ('特洛伊戰爭', 1)]), ('全部', [('坎城影', 1), ('核戰', 1), ('生活大爆炸', 1), ('第三次世界大戰', 1), ('大戰', 1), ('真實事件', 1), ('南北戰爭', 1), ('特洛伊戰爭', 1)])]"
FAC,"[('電影新聞', [('全美戲院', 1), ('戲院', 1), ('光點華山電影館', 1)]), ('影集新聞', [('紅岸基地', 1)]), ('電影影評', [('老橡樹酒館', 2), ('京都祇園開料亭', 1), ('木質球場', 1), ('北極百貨店', 1), ('老橡樹酒', 1)]), ('電影專題', [('汐路', 4), ('櫻橋', 2), ('佛萊迪餐館', 2), ('威利餐館', 2), ('神奈川的藤澤站', 1), ('鎌倉站', 1), ('飯山線', 1), ('越後川口站', 1), ('澀谷', 1), ('神宮通大道', 1), ('東天祖神社', 1), ('平山假日會', 1), ('狩集汐路', 1), ('我路', 1), ('豪華大飯店的宴會廳', 1), ('廣島', 1), ('101 公路', 1), ('丸金溫泉場', 1), ('華爾街', 1), ('銀河系', 1)]), ('全部', [('汐路', 4), ('老橡樹酒館', 2), ('櫻橋', 2), ('佛萊迪餐館', 2), ('威利餐館', 2), ('全美戲院', 1), ('戲院', 1), ('光點華山電影館', 1), ('紅岸基地', 1), ('京都祇園開料亭', 1), ('木質球場', 1), ('北極百貨店', 1), ('老橡樹酒', 1), ('神奈川的藤澤站', 1), ('鎌倉站', 1), ('飯山線', 1), ('越後川口站', 1), ('澀谷', 1), ('神宮通大道', 1), ('東天祖神社', 1)])]"
GPE,"[('電影新聞', [('日本', 9), ('香港', 6), ('法國', 3), ('英國', 3), ('美國', 2), ('東京', 2), ('台灣', 2), ('加州', 2), ('西蒙蘇西納', 2), ('西班牙', 2), ('大阪', 1), ('京都', 1), ('臺南', 1), ('南都', 1), ('紐約', 1), ('坎城', 1), ('拉斯維加斯', 1), ('大陸酒店', 1), ('卡隆', 1), ('保羅沃克', 1)]), ('影集新聞', [('日本', 10), ('香港', 4), ('中國', 4), ('美國', 3), ('台灣', 3), ('韓國', 2), ('紐約', 1), ('安德魯史考特', 1), ('倫敦', 1), ('澤城', 1), ('福島潤', 1), ('富岡', 1), ('奧斯卡', 1), ('阿帝國', 1), ('德州', 1)]), ('電影影評', [('日本', 10), ('美國', 6), ('三池', 6), ('韓國', 5), ('紐約', 5), ('台灣', 4), ('相米', 3), ('中國', 3), ('哥吉', 2), ('上海', 2), ('巴黎', 2), ('肯洛區', 2), ('英國', 2), ('波蘭', 1), ('芬蘭', 1), ('俄羅斯', 1), ('三池崇史', 1), ('龜梨和', 1), ('哥吉拉', 1), ('法國', 1)]), ('電影專題', [('日本', 42), ('美國', 31), ('東京', 14), ('台灣', 9), ('廣島', 8), ('平山', 6), ('英國', 6), ('芭比', 5), ('紐約', 4), ('倫敦', 4), ('奧克拉荷馬州', 4), ('高濱', 4), ('澀谷區', 3), ('義大利', 3), ('臺灣', 3), ('韓國', 3), ('南台灣', 2), ('新潟', 2), ('德川', 2), ('達達拉城', 2)]), ('全部', [('日本', 71), ('美國', 42), ('台灣', 18), ('東京', 16), ('紐約', 11), ('英國', 11), ('香港', 10), ('韓國', 10), ('中國', 8), ('廣島', 8), ('倫敦', 6), ('三池', 6), ('平山', 6), ('法國', 5), ('芭比', 5), ('奧克拉荷馬州', 4), ('高濱', 4), ('加州', 3), ('上海', 3), ('相米', 3)])]"
LANGUAGE,"[('電影新聞', []), ('影集新聞', [('粵語', 1), ('華語', 1)]), ('電影影評', [('芬蘭語', 1)]), ('電影專題', [('中文', 1)]), ('全部', [('粵語', 1), ('華語', 1), ('芬蘭語', 1), ('中文', 1)])]"
LAW,"[('電影新聞', [('特雷弗專案', 1)]), ('影集新聞', []), ('電影影評', []), ('電影專題', []), ('全部', [('特雷弗專案', 1)])]"
LOC,"[('電影新聞', [('鹿兒島', 1)]), ('影集新聞', [('鹿兒島', 1), ('亞洲', 1)]), ('電影影評', [('台中山', 1), ('肯洛區', 1), ('洛區', 1)]), ('電影專題', [('平山', 10), ('月島', 3), ('阿爾卑斯山', 1), ('東京灣', 1), ('柳島', 1), ('廣島', 1), ('富士山', 1), ('希臘小島', 1)]), ('全部', [('平山', 10), ('月島', 3), ('鹿兒島', 2), ('亞洲', 1), ('台中山', 1), ('肯洛區', 1), ('洛區', 1), ('阿爾卑斯山', 1), ('東京灣', 1), ('柳島', 1), ('廣島', 1), ('富士山', 1), ('希臘小島', 1)])]"
MONEY,"[('電影新聞', [('2 億美元', 1), (' 萬美元', 1)]), ('影集新聞', [('2 億美元', 1)]), ('電影影評', [('萬美元', 1), ('2.5 億美元', 1)]), ('電影專題', [('1億美元', 1), ('一美元', 1)]), ('全部', [('2 億美元', 2), (' 萬美元', 1), ('萬美元', 1), ('2.5 億美元', 1), ('1億美元', 1), ('一美元', 1)])]"
NORP,"[('電影新聞', [('日本人', 2), ('台灣人', 1), ('羅馬', 1), ('日本', 1)]), ('影集新聞', [('南方水族', 1), ('三體人', 1), ('日本人', 1)]), ('電影影評', [('愛德華', 1), ('日本', 1), ('俄羅斯人', 1), ('芬蘭人', 1), ('英國', 1), ('台灣人', 1)]), ('電影專題', [('美國', 5), ('日本人', 4), ('奧塞奇族', 4), ('中國', 3), ('奧塞奇人', 3), ('日本', 2), ('印地安人', 2), ('英國', 2), ('台灣人', 1), ('京都', 1), ('倫敦人', 1), ('廣島人', 1), ('奧塞奇族人', 1), ('西西史', 1), ('閩南人', 1)]), ('全部', [('日本人', 7), ('美國', 5), ('日本', 4), ('奧塞奇族', 4), ('台灣人', 3), ('英國', 3), ('中國', 3), ('奧塞奇人', 3), ('印地安人', 2), ('羅馬', 1), ('南方水族', 1), ('三體人', 1), ('愛德華', 1), ('俄羅斯人', 1), ('芬蘭人', 1), ('京都', 1), ('倫敦人', 1), ('廣島人', 1), ('奧塞奇族人', 1), ('西西史', 1)])]"
ORDINAL,"[('電影新聞', [('第二', 5), ('第一', 4), ('第三', 2), ('第一季', 1), ('第二季', 1), ('第\xa0', 1), ('第四', 1)]), ('影集新聞', [('第二', 12), ('第一', 9), ('第三', 4), ('第一季', 2), ('第二季', 1), ('第十', 1)]), ('電影影評', [('第一', 8), ('第二', 3), ('第四', 1), ('第七', 1), ('第五', 1)]), ('電影專題', [('第一', 16), ('第二', 5), ('第四', 3), ('第三', 3), ('第八', 1), ('第十二', 1), ('一次', 1), ('第九', 1), ('第8', 1)]), ('全部', [('第一', 37), ('第二', 25), ('第三', 9), ('第四', 5), ('第一季', 3), ('第二季', 2), ('第\xa0', 1), ('第十', 1), ('第七', 1), ('第五', 1), ('第八', 1), ('第十二', 1), ('一次', 1), ('第九', 1), ('第8', 1)])]"
ORG,"[('電影新聞', [('星際異攻隊', 5), ('台北電影節', 4), ('丹尼維勒納夫', 3), ('今日戲院', 2), ('丹尼維勒納', 2), ('綜藝報', 2), ('葛妮絲派', 2), ('黛西瓊斯', 2), ('黛西', 2), ('比利', 2), ('大衛林區', 2), ('英法語', 1), ('日語', 1), (' 4 部', 1), ('巴哈姆特', 1), ('LiTV ', 1), ('KKTV', 1), ('Yan Jhen-Fa', 1), ('美戲院', 1), ('民眾', 1)]), ('影集新聞', [('好萊塢', 5), ('和平使者', 3), ('Netflix ', 2), ('安德魯史考特', 2), (' KKTV ', 2), ('騰訊', 2), (' Netflix', 2), ('Disney+ ', 2), (' DC 工作室', 2), (' DC ', 2), (' 4 部', 1), ('巴哈姆特', 1), ('LiTV ', 1), ('KKTV', 1), ('東京地檢特搜部', 1), ('綜藝報', 1), ('神祕組織與怪獸之謎', 1), ('謗法', 1), ('釜日電影獎', 1), ('日本電影版', 1)]), ('電影影評', [('二宮', 11), ('哥吉拉', 8), ('好萊塢', 3), ('北極百貨店', 3), ('超危險警探', 2), ('日文發音', 2), ('Netflix ', 2), ('泰坦', 2), ('紐約', 2), ('夢工廠', 1), ('阿波', 1), ('納粹', 1), ('科夏伊', 1), ('奧斯卡', 1), ('金剛vs哥吉拉', 1), ('三池', 1), ('三池崇史', 1), (' Netflix', 1), ('美國', 1), ('雷利史考特', 1)]), ('電影專題', [('好萊塢', 13), ('吉卜力', 10), ('華爾街之狼', 9), ('華納', 7), ('美泰兒', 5), ('瓊斯', 4), ('魔法公主', 3), ('日本', 3), ('麥克', 3), ('織田', 3), ('媽的多重宇宙', 3), (' Ami ', 2), ('日本財團', 2), ('日本神話', 2), ('日劇版', 2), ('汐路', 2), ('義大利', 2), ('阿摩', 2), ('奧塞奇族', 2), ('聯邦調查局', 2)]), ('全部', [('好萊塢', 22), ('二宮', 11), ('吉卜力', 10), ('華爾街之狼', 9), ('華納', 8), ('哥吉拉', 8), ('星際異攻隊', 5), ('日本', 5), ('美泰兒', 5), ('台北電影節', 4), ('Netflix ', 4), ('紐約', 4), ('瓊斯', 4), ('綜藝報', 3), ('雷利史考特', 3), ('丹尼維勒納夫', 3), (' Netflix', 3), ('奧斯卡', 3), ('美國', 3), ('和平使者', 3)])]"
PERCENT,"[('電影新聞', [('78％', 1)]), ('影集新聞', []), ('電影影評', []), ('電影專題', []), ('全部', [('78％', 1)])]"
PERSON,"[('電影新聞', [('祝紫嫣', 13), ('馮迪索', 12), ('高慧君', 11), ('顏振發', 8), ('約翰希南', 7), ('湯姆霍蘭德', 7), ('巨石強森', 6), ('市郎', 6), ('柯拉', 6), ('羅琳', 5), ('亨利卡維爾', 5), ('勞勃道尼', 5), ('希朵妮', 4), ('瓦昆菲尼克斯', 4), ('納森諾蘭', 4), ('魯妮', 4), ('柔伊莎達娜', 4), ('佛利伍麥克', 4), ('菲比沃勒布里奇', 4), ('希拉里凱斯', 3)]), ('影集新聞', [('周星馳', 10), ('劉慈欣', 9), ('秀仁', 8), ('詹姆士岡恩', 8), ('石原聰美', 7), ('徐譽庭', 7), ('柯拉', 6), ('林依晨', 6), ('真田廣之', 6), ('許瑋甯', 5), ('葉文潔', 5), ('柯林法洛', 5), ('大衛班紐夫', 5), ('真田廣', 5), ('米莉·芭比·布朗', 5), ('湯姆雷普利', 4), ('菲比沃勒布里奇', 4), ('范閒', 4), ('D·B·魏斯', 4), ('蓋瑞奇', 4)]), ('電影影評', [('金剛', 14), ('阿波', 8), ('歐嘉', 7), ('田畑智子', 6), ('戴米恩', 6), ('喬丹皮爾', 6), ('巴布馬利', 6), ('田畑', 5), ('李曼', 5), ('麥可傑克森', 5), ('麥克斯', 4), ('哥吉拉', 4), ('惠君', 4), ('Showbox', 4), ('克里斯', 4), ('克里斯潘恩', 4), ('結城馨', 4), ('妮卡', 3), ('羅素克洛', 3), ('吉拉', 3)]), ('電影專題', [('霍元甲', 25), ('佛雷金', 24), ('李連杰', 18), ('山繆', 17), ('宮﨑駿', 16), ('昆汀', 14), ('鮑德溫', 14), ('蘿莎', 13), ('宋康昊', 13), ('顏尼歐', 13), ('塚本', 11), ('艾莉', 10), ('麥克', 9), ('瑪格', 9), ('史柯西斯', 9), ('隋棠', 9), ('邁爾斯', 9), ('傑克雷恩', 9), ('錢湯', 8), ('希爾', 8)]), ('全部', [('霍元甲', 25), ('佛雷金', 24), ('李連杰', 18), ('山繆', 17), ('宮﨑駿', 16), ('金剛', 14), ('昆汀', 14), ('鮑德溫', 14), ('祝紫嫣', 13), ('蘿莎', 13), ('宋康昊', 13), ('顏尼歐', 13), ('馮迪索', 12), ('柯拉', 12), ('艾莉', 11), ('高慧君', 11), ('詹姆士岡恩', 11), ('塚本', 11), ('周星馳', 10), ('彼得', 10)])]"
PRODUCT,"[('電影新聞', [(' Netflix ', 1)]), ('影集新聞', [(' Netflix ', 2)]), ('電影影評', []), ('電影專題', [(' 12 ', 1)]), ('全部', [(' Netflix ', 3), (' 12 ', 1)])]"
QUANTITY,"[('電影新聞', []), ('影集新聞', []), ('電影影評', [('5400 萬公里', 1), ('4 億公里', 1), (' 公斤', 1)]), ('電影專題', [('1 公里', 1), (' 釐米', 1), ('13 ', 1), ('180 磅', 1), ('約 82 公斤', 1), (' 30 磅', 1), ('約 13.6 公斤', 1)]), ('全部', [('5400 萬公里', 1), ('4 億公里', 1), (' 公斤', 1), ('1 公里', 1), (' 釐米', 1), ('13 ', 1), ('180 磅', 1), ('約 82 公斤', 1), (' 30 磅', 1), ('約 13.6 公斤', 1)])]"
TIME,"[('電影新聞', [('五個多小時', 1), ('早上', 1), ('前一天', 1), ('午夜到凌晨 3 點 30 分', 1)]), ('影集新聞', [('十餘分鐘', 1)]), ('電影影評', [('一秒', 2), ('黑夜', 1), ('五個晚上', 1), ('十一點', 1), ('週五夜', 1), ('十個小時', 1)]), ('電影專題', [('幾秒鐘', 2), ('幾百個小時', 1), ('那 6 分鐘', 1), ('隔天早上', 1), ('二小時', 1), ('兩小時', 1), ('十幾分鐘', 1), ('半小時', 1), ('凌晨', 1), ('0分鐘', 1), ('22分鐘', 1), ('2分鐘', 1), ('近兩小時', 1)]), ('全部', [('一秒', 2), ('幾秒鐘', 2), ('五個多小時', 1), ('早上', 1), ('前一天', 1), ('午夜到凌晨 3 點 30 分', 1), ('十餘分鐘', 1), ('黑夜', 1), ('五個晚上', 1), ('十一點', 1), ('週五夜', 1), ('十個小時', 1), ('幾百個小時', 1), ('那 6 分鐘', 1), ('隔天早上', 1), ('二小時', 1), ('兩小時', 1), ('十幾分鐘', 1), ('半小時', 1), ('凌晨', 1)])]"
WORK_OF_ART,"[('電影新聞', [('異塵餘生', 20), ('神鬼戰士2', 7), ('塵餘生', 6), ('沙丘', 5), ('時空英豪', 5), ('記憶拼圖', 5), ('黛西瓊斯與六人組', 5), ('玻璃之心', 5), ('超異能英雄', 4), ('君主計畫', 4), ('小丑：雙重瘋狂', 4), ('末路車神', 4), ('極度不妥！', 4), ('鬼天', 3), ('復仇芭蕾', 3), ('捍衛任務', 3), ('邋遢女郎', 3), ('沙丘魔堡', 3), ('禁忌之慾', 3), ('異星戰境', 3)]), ('影集新聞', [('三體', 14), ('Sand Land', 14), ('蓋世豪俠', 10), ('X 戰警', 10), ('隔壁的護佐姐姐', 6), ('慶餘年 2', 5), ('X 戰警 ’97', 5), ('紳士追殺令', 5), ('超異能英雄', 4), ('君主計畫', 4), ('3 體', 4), ('幕府將軍', 4), ('雷普利', 3), ('邋遢女郎', 3), ('冰與火之歌：權力遊戲', 3), ('謎探休格', 3), ('Water Carrier', 3), ('慶餘年', 3), ('七龍珠', 3), ('戰隊大失格', 3)]), ('電影影評', [('魔鬼剋星：未來世', 17), ('魔鬼剋星', 17), ('魔鬼剋星：冰天凍地', 16), ('哥吉拉與金剛：新帝', 12), ('聖鬥士星矢', 11), ('哥吉拉與金剛：新帝國', 11), ('老橡樹酒館', 11), ('鬼聖胎', 11), ('威龍殺陣', 10), ('哥吉拉大戰金剛', 9), ('哥吉拉', 8), ('天魔', 7), ('那夜，金曲不朽', 7), ('功夫熊貓', 6), ('天魔：惡之初', 6), ('絕地救援', 6), ('極限長征', 6), ('怪物樵夫', 5), ('恐懼的代價', 5), ('老橡樹酒', 5)]), ('電影專題', [('魔法公主', 24), ('霍元甲', 16), ('佛萊迪餐館之五夜驚魂', 15), ('獵殺紅色十月', 14), ('弒樂園', 11), ('忍者刺客', 11), ('諸神恩仇錄', 8), ('獨家腥', 8), ('獨家腥聞', 7), ('鋒迴路轉：抽絲剝繭', 7), ('八惡人', 6), ('華爾街之狼', 6), ('魔女嘉莉', 6), ('詐團圓', 6), ('佛萊迪餐館之五夜驚', 5), ('神父阿摩特與惡魔', 5), ('雲端情人', 5), ('怪談比留', 5), ('星際大戰', 5), ('玻璃洋蔥', 5)]), ('全部', [('魔法公主', 24), ('異塵餘生', 20), ('魔鬼剋星', 18), ('魔鬼剋星：未來世', 17), ('魔鬼剋星：冰天凍地', 16), ('霍元甲', 16), ('佛萊迪餐館之五夜驚魂', 15), ('哥吉拉與金剛：新帝', 14), ('三體', 14), ('Sand Land', 14), ('獵殺紅色十月', 14), ('聖鬥士星矢', 11), ('哥吉拉與金剛：新帝國', 11), ('老橡樹酒館', 11), ('鬼聖胎', 11), ('弒樂園', 11), ('忍者刺客', 11), ('哥吉拉', 10), ('蓋世豪俠', 10), ('X 戰警', 10)])]"
