name,value
list_freq_daily_line_chart,"[[{'x': '2024-01-21', 'y': 0}, {'x': '2024-01-22', 'y': 0}, {'x': '2024-01-23', 'y': 0}, {'x': '2024-01-24', 'y': 0}, {'x': '2024-01-25', 'y': 0}, {'x': '2024-01-26', 'y': 0}, {'x': '2024-01-27', 'y': 0}, {'x': '2024-01-28', 'y': 0}, {'x': '2024-01-29', 'y': 0}, {'x': '2024-01-30', 'y': 0}, {'x': '2024-01-31', 'y': 0}, {'x': '2024-02-01', 'y': 0}, {'x': '2024-02-02', 'y': 0}, {'x': '2024-02-03', 'y': 0}, {'x': '2024-02-04', 'y': 0}, {'x': '2024-02-05', 'y': 0}, {'x': '2024-02-06', 'y': 0}, {'x': '2024-02-07', 'y': 0}, {'x': '2024-02-08', 'y': 0}, {'x': '2024-02-09', 'y': 0}, {'x': '2024-02-10', 'y': 0}, {'x': '2024-02-11', 'y': 0}, {'x': '2024-02-12', 'y': 0}, {'x': '2024-02-13', 'y': 0}, {'x': '2024-02-14', 'y': 0}, {'x': '2024-02-15', 'y': 0}, {'x': '2024-02-16', 'y': 0}, {'x': '2024-02-17', 'y': 0}, {'x': '2024-02-18', 'y': 0}, {'x': '2024-02-19', 'y': 0}, {'x': '2024-02-20', 'y': 0}, {'x': '2024-02-21', 'y': 0}, {'x': '2024-02-22', 'y': 0}, {'x': '2024-02-23', 'y': 0}, {'x': '2024-02-24', 'y': 0}, {'x': '2024-02-25', 'y': 0}, {'x': '2024-02-26', 'y': 0}, {'x': '2024-02-27', 'y': 0}, {'x': '2024-02-28', 'y': 0}, {'x': '2024-02-29', 'y': 0}, {'x': '2024-03-01', 'y': 0}, {'x': '2024-03-02', 'y': 0}, {'x': '2024-03-03', 'y': 1}, {'x': '2024-03-04', 'y': 0}, {'x': '2024-03-05', 'y': 0}, {'x': '2024-03-06', 'y': 0}, {'x': '2024-03-07', 'y': 0}, {'x': '2024-03-08', 'y': 0}, {'x': '2024-03-09', 'y': 0}, {'x': '2024-03-10', 'y': 0}, {'x': '2024-03-11', 'y': 1}, {'x': '2024-03-12', 'y': 0}, {'x': '2024-03-13', 'y': 0}, {'x': '2024-03-14', 'y': 0}, {'x': '2024-03-15', 'y': 1}, {'x': '2024-03-16', 'y': 0}, {'x': '2024-03-17', 'y': 0}, {'x': '2024-03-18', 'y': 1}, {'x': '2024-03-19', 'y': 1}, {'x': '2024-03-20', 'y': 1}, {'x': '2024-03-21', 'y': 0}, {'x': '2024-03-22', 'y': 1}, {'x': '2024-03-23', 'y': 1}, {'x': '2024-03-24', 'y': 0}, {'x': '2024-03-25', 'y': 1}, {'x': '2024-03-26', 'y': 0}, {'x': '2024-03-27', 'y': 0}, {'x': '2024-03-28', 'y': 0}, {'x': '2024-03-29', 'y': 0}, {'x': '2024-03-30', 'y': 0}, {'x': '2024-03-31', 'y': 0}, {'x': '2024-04-01', 'y': 1}, {'x': '2024-04-02', 'y': 0}, {'x': '2024-04-03', 'y': 0}, {'x': '2024-04-04', 'y': 1}, {'x': '2024-04-05', 'y': 3}, {'x': '2024-04-06', 'y': 2}, {'x': '2024-04-07', 'y': 2}, {'x': '2024-04-08', 'y': 0}, {'x': '2024-04-09', 'y': 0}, {'x': '2024-04-10', 'y': 2}, {'x': '2024-04-11', 'y': 1}, {'x': '2024-04-12', 'y': 2}, {'x': '2024-04-13', 'y': 0}, {'x': '2024-04-14', 'y': 0}], [{'x': '2024-01-21', 'y': 0}, {'x': '2024-01-22', 'y': 0}, {'x': '2024-01-23', 'y': 0}, {'x': '2024-01-24', 'y': 0}, {'x': '2024-01-25', 'y': 0}, {'x': '2024-01-26', 'y': 0}, {'x': '2024-01-27', 'y': 0}, {'x': '2024-01-28', 'y': 0}, {'x': '2024-01-29', 'y': 0}, {'x': '2024-01-30', 'y': 0}, {'x': '2024-01-31', 'y': 0}, {'x': '2024-02-01', 'y': 0}, {'x': '2024-02-02', 'y': 0}, {'x': '2024-02-03', 'y': 0}, {'x': '2024-02-04', 'y': 0}, {'x': '2024-02-05', 'y': 0}, {'x': '2024-02-06', 'y': 0}, {'x': '2024-02-07', 'y': 0}, {'x': '2024-02-08', 'y': 0}, {'x': '2024-02-09', 'y': 0}, {'x': '2024-02-10', 'y': 0}, {'x': '2024-02-11', 'y': 0}, {'x': '2024-02-12', 'y': 0}, {'x': '2024-02-13', 'y': 0}, {'x': '2024-02-14', 'y': 0}, {'x': '2024-02-15', 'y': 0}, {'x': '2024-02-16', 'y': 0}, {'x': '2024-02-17', 'y': 0}, {'x': '2024-02-18', 'y': 0}, {'x': '2024-02-19', 'y': 0}, {'x': '2024-02-20', 'y': 0}, {'x': '2024-02-21', 'y': 0}, {'x': '2024-02-22', 'y': 0}, {'x': '2024-02-23', 'y': 0}, {'x': '2024-02-24', 'y': 0}, {'x': '2024-02-25', 'y': 0}, {'x': '2024-02-26', 'y': 0}, {'x': '2024-02-27', 'y': 0}, {'x': '2024-02-28', 'y': 0}, {'x': '2024-02-29', 'y': 0}, {'x': '2024-03-01', 'y': 0}, {'x': '2024-03-02', 'y': 0}, {'x': '2024-03-03', 'y': 0}, {'x': '2024-03-04', 'y': 1}, {'x': '2024-03-05', 'y': 0}, {'x': '2024-03-06', 'y': 0}, {'x': '2024-03-07', 'y': 0}, {'x': '2024-03-08', 'y': 0}, {'x': '2024-03-09', 'y': 0}, {'x': '2024-03-10', 'y': 0}, {'x': '2024-03-11', 'y': 0}, {'x': '2024-03-12', 'y': 0}, {'x': '2024-03-13', 'y': 0}, {'x': '2024-03-14', 'y': 1}, {'x': '2024-03-15', 'y': 0}, {'x': '2024-03-16', 'y': 0}, {'x': '2024-03-17', 'y': 1}, {'x': '2024-03-18', 'y': 0}, {'x': '2024-03-19', 'y': 0}, {'x': '2024-03-20', 'y': 0}, {'x': '2024-03-21', 'y': 0}, {'x': '2024-03-22', 'y': 1}, {'x': '2024-03-23', 'y': 1}, {'x': '2024-03-24', 'y': 1}, {'x': '2024-03-25', 'y': 0}, {'x': '2024-03-26', 'y': 0}, {'x': '2024-03-27', 'y': 0}, {'x': '2024-03-28', 'y': 0}, {'x': '2024-03-29', 'y': 0}, {'x': '2024-03-30', 'y': 0}, {'x': '2024-03-31', 'y': 0}, {'x': '2024-04-01', 'y': 0}, {'x': '2024-04-02', 'y': 0}, {'x': '2024-04-03', 'y': 0}, {'x': '2024-04-04', 'y': 0}, {'x': '2024-04-05', 'y': 0}, {'x': '2024-04-06', 'y': 0}, {'x': '2024-04-07', 'y': 2}, {'x': '2024-04-08', 'y': 0}, {'x': '2024-04-09', 'y': 0}, {'x': '2024-04-10', 'y': 0}, {'x': '2024-04-11', 'y': 0}, {'x': '2024-04-12', 'y': 0}, {'x': '2024-04-13', 'y': 0}, {'x': '2024-04-14', 'y': 0}], [{'x': '2024-01-21', 'y': 0}, {'x': '2024-01-22', 'y': 0}, {'x': '2024-01-23', 'y': 0}, {'x': '2024-01-24', 'y': 0}, {'x': '2024-01-25', 'y': 0}, {'x': '2024-01-26', 'y': 0}, {'x': '2024-01-27', 'y': 0}, {'x': '2024-01-28', 'y': 0}, {'x': '2024-01-29', 'y': 0}, {'x': '2024-01-30', 'y': 0}, {'x': '2024-01-31', 'y': 0}, {'x': '2024-02-01', 'y': 0}, {'x': '2024-02-02', 'y': 0}, {'x': '2024-02-03', 'y': 0}, {'x': '2024-02-04', 'y': 0}, {'x': '2024-02-05', 'y': 0}, {'x': '2024-02-06', 'y': 0}, {'x': '2024-02-07', 'y': 0}, {'x': '2024-02-08', 'y': 0}, {'x': '2024-02-09', 'y': 0}, {'x': '2024-02-10', 'y': 0}, {'x': '2024-02-11', 'y': 0}, {'x': '2024-02-12', 'y': 0}, {'x': '2024-02-13', 'y': 0}, {'x': '2024-02-14', 'y': 0}, {'x': '2024-02-15', 'y': 0}, {'x': '2024-02-16', 'y': 0}, {'x': '2024-02-17', 'y': 0}, {'x': '2024-02-18', 'y': 0}, {'x': '2024-02-19', 'y': 0}, {'x': '2024-02-20', 'y': 0}, {'x': '2024-02-21', 'y': 0}, {'x': '2024-02-22', 'y': 0}, {'x': '2024-02-23', 'y': 0}, {'x': '2024-02-24', 'y': 0}, {'x': '2024-02-25', 'y': 0}, {'x': '2024-02-26', 'y': 0}, {'x': '2024-02-27', 'y': 0}, {'x': '2024-02-28', 'y': 0}, {'x': '2024-02-29', 'y': 0}, {'x': '2024-03-01', 'y': 0}, {'x': '2024-03-02', 'y': 0}, {'x': '2024-03-03', 'y': 0}, {'x': '2024-03-04', 'y': 0}, {'x': '2024-03-05', 'y': 0}, {'x': '2024-03-06', 'y': 0}, {'x': '2024-03-07', 'y': 0}, {'x': '2024-03-08', 'y': 0}, {'x': '2024-03-09', 'y': 0}, {'x': '2024-03-10', 'y': 0}, {'x': '2024-03-11', 'y': 0}, {'x': '2024-03-12', 'y': 0}, {'x': '2024-03-13', 'y': 0}, {'x': '2024-03-14', 'y': 0}, {'x': '2024-03-15', 'y': 0}, {'x': '2024-03-16', 'y': 0}, {'x': '2024-03-17', 'y': 0}, {'x': '2024-03-18', 'y': 0}, {'x': '2024-03-19', 'y': 0}, {'x': '2024-03-20', 'y': 0}, {'x': '2024-03-21', 'y': 0}, {'x': '2024-03-22', 'y': 1}, {'x': '2024-03-23', 'y': 0}, {'x': '2024-03-24', 'y': 0}, {'x': '2024-03-25', 'y': 0}, {'x': '2024-03-26', 'y': 0}, {'x': '2024-03-27', 'y': 0}, {'x': '2024-03-28', 'y': 0}, {'x': '2024-03-29', 'y': 0}, {'x': '2024-03-30', 'y': 0}, {'x': '2024-03-31', 'y': 0}, {'x': '2024-04-01', 'y': 0}, {'x': '2024-04-02', 'y': 0}, {'x': '2024-04-03', 'y': 0}, {'x': '2024-04-04', 'y': 0}, {'x': '2024-04-05', 'y': 0}, {'x': '2024-04-06', 'y': 0}, {'x': '2024-04-07', 'y': 0}, {'x': '2024-04-08', 'y': 0}, {'x': '2024-04-09', 'y': 0}, {'x': '2024-04-10', 'y': 2}, {'x': '2024-04-11', 'y': 0}, {'x': '2024-04-12', 'y': 0}, {'x': '2024-04-13', 'y': 0}, {'x': '2024-04-14', 'y': 0}]]"
list_pkNames,"['Netflix', 'Disney+', 'HBO']"
list_colors,"['rgba(0,128,0,0.2)', 'rgba(0,255,255,0.2)', 'rgba(0,0,255,0.2)']"
list_photos,"['https://upload.wikimedia.org/wikipedia/commons/thumb/0/08/Netflix_2015_logo.svg/1920px-Netflix_2015_logo.svg.png','https://upload.wikimedia.org/wikipedia/commons/thumb/6/64/Disney%2B_2024.svg/800px-Disney%2B_2024.svg.png', 'https://upload.wikimedia.org/wikipedia/commons/thumb/d/de/HBO_logo.svg/1920px-HBO_logo.svg.png']"
list_freq_news_category,"[[5, 11, 7, 0, 23], [1, 7, 0, 0, 8], [1, 2, 0, 0, 3]]"
list_category,"['電影新聞', '影集新聞', '電影影評', '電影專題', '全部']"
list_sentiInfo,"[[48, 0, 52], [38, 0, 62], [67, 0, 33]]"
list_total_articles,"[23, 8, 3]"
list_total_frequency,"[61, 21, 5]"
